Country,APL,Ada,Apex,Assembly,Bash/Shell (all shells),C,C#,C++,Clojure,Cobol,Crystal,Dart,Delphi,Elixir,Erlang,F#,Flow,Fortran,GDScript,Go,Groovy,HTML/CSS,Haskell,Java,JavaScript,Julia,Kotlin,Lisp,Lua,MATLAB,NA,Nim,OCaml,Objective-C,PHP,Perl,PowerShell,Prolog,Python,R,Raku,Ruby,Rust,SAS,SQL,Scala,Solidity,Swift,TypeScript,VBA,Visual Basic (.Net),Zig
NA,0.0,0.0,0.0,0.0,0.0,0.0,0.0,0.0,0.0,0.0,0.0,0.0,0.0,0.0,0.0,0.0,0.0,0.0,0.0,0.0,0.0,0.0,0.0,0.0,0.0,0.0,0.0,0.0,0.0,0.0,100.0,0.0,0.0,0.0,0.0,0.0,0.0,0.0,0.0,0.0,0.0,0.0,0.0,0.0,0.0,0.0,0.0,0.0,0.0,0.0,0.0,0.0
United States of America,0.3,0.6,0.8,5.7,40.1,18.5,29.0,22.6,1.7,0.7,0.6,3.4,2.1,2.9,1.1,1.2,0.3,1.3,1.8,15.5,3.8,53.0,2.0,27.6,64.5,1.4,7.2,2.3,7.2,3.5,0.7,0.5,0.8,2.8,12.3,3.6,17.2,0.5,54.0,4.9,0.2,9.0,15.7,0.6,50.7,2.9,1.0,5.9,39.7,3.5,4.3,1.2
Philippines,1.4,1.4,1.7,8.2,19.8,18.9,26.0,21.2,2.0,2.0,1.7,6.8,4.0,3.7,2.3,1.4,1.1,1.4,2.5,7.9,3.4,60.2,2.0,34.5,74.3,1.7,7.9,1.7,8.5,5.1,2.5,1.4,0.8,3.1,35.0,2.5,14.1,1.1,41.2,3.7,1.1,6.5,9.6,2.3,49.2,1.1,4.0,4.5,36.2,6.5,14.1,1.1
United Kingdom,0.2,0.8,0.7,4.9,35.9,14.7,32.7,17.8,1.4,0.4,0.3,4.0,3.1,1.9,1.0,1.5,0.3,0.9,1.8,13.8,3.5,53.0,3.0,23.4,62.5,1.0,7.7,1.4,6.4,2.3,0.6,0.3,0.8,1.9,16.0,2.9,16.0,0.7,49.6,3.8,0.2,6.3,14.7,0.4,49.3,3.5,0.9,4.2,37.6,4.0,4.3,0.9
Finland,0.1,0.4,0.7,5.5,38.0,17.6,25.8,20.4,4.7,0.3,0.1,3.4,2.2,2.3,1.2,0.6,0.3,1.1,2.2,11.6,3.3,52.6,3.0,27.3,63.8,0.6,7.7,1.7,6.6,3.3,0.6,0.1,0.0,1.4,14.5,2.8,12.8,0.0,54.5,4.3,0.0,5.2,16.8,0.0,49.9,3.6,0.1,3.0,46.0,2.6,1.8,0.1
India,0.2,0.8,0.8,3.6,18.3,26.2,16.0,27.3,0.4,0.4,0.2,10.1,0.4,1.1,0.5,0.2,0.3,0.4,1.2,9.9,2.1,56.1,1.0,37.9,66.5,0.7,8.9,0.8,3.1,4.5,1.9,0.2,0.2,2.1,17.1,1.5,7.9,0.7,49.7,3.2,0.1,3.0,6.7,0.5,42.7,1.8,2.3,3.1,30.8,2.0,4.2,0.6
Australia,0.5,0.9,0.6,4.8,36.9,16.7,33.3,19.1,0.8,0.3,0.4,4.2,4.9,2.0,0.9,1.1,0.3,1.1,1.4,13.4,3.1,53.1,2.5,22.6,65.1,1.2,7.2,1.4,6.9,3.2,0.9,0.4,0.4,2.8,17.6,3.1,19.0,0.8,49.6,5.1,0.0,6.7,15.5,0.6,51.2,2.2,1.3,6.5,43.0,4.6,4.9,1.0
Netherlands,0.1,0.4,0.7,4.5,32.9,15.0,30.7,18.9,1.3,0.7,0.3,5.8,5.6,1.9,0.8,1.7,0.1,0.7,2.1,14.2,3.4,54.1,3.0,29.6,62.7,1.0,11.5,0.8,7.0,2.8,0.4,0.4,0.3,2.0,24.1,2.4,14.8,0.8,47.2,3.8,0.2,5.5,16.2,0.3,50.1,3.8,0.8,4.6,43.0,3.1,3.3,0.9
Germany,0.2,0.6,0.5,6.1,37.2,20.8,25.1,24.8,1.2,0.6,0.3,6.3,4.4,2.0,0.9,0.8,0.2,0.8,1.8,15.2,4.5,51.3,2.6,38.6,57.5,1.4,12.4,1.5,7.2,3.4,0.4,0.4,0.6,1.9,19.2,2.6,13.8,1.1,50.3,4.1,0.2,4.8,17.9,0.2,46.5,2.6,0.6,4.8,40.3,4.0,3.0,0.8
Sweden,0.2,0.8,0.2,5.0,33.8,17.6,35.0,21.7,1.8,0.9,0.2,3.0,2.2,2.8,2.7,1.3,0.1,1.0,1.6,14.9,3.0,48.3,3.4,26.4,59.7,1.0,9.6,1.5,7.7,3.2,0.5,0.5,0.4,2.0,12.9,2.2,16.1,1.0,45.0,2.4,0.2,4.1,15.1,0.2,44.1,3.1,0.2,3.8,43.1,2.6,2.6,1.0
France,0.2,2.4,0.6,7.5,38.1,26.0,20.6,24.9,1.1,0.8,0.4,6.5,2.5,2.5,1.1,0.6,0.3,1.5,2.2,12.2,3.9,55.3,2.5,32.5,64.3,1.2,8.6,2.1,6.0,4.6,0.4,0.3,4.2,1.9,27.3,3.0,12.7,1.7,51.2,4.0,0.2,6.6,14.6,0.4,49.3,4.4,1.3,4.6,41.7,4.0,3.0,0.7
Albania,1.7,1.7,1.7,8.3,21.7,16.7,21.7,20.0,1.7,1.7,1.7,5.0,1.7,3.3,3.3,1.7,3.3,3.3,1.7,13.3,3.3,56.7,5.0,33.3,65.0,1.7,10.0,3.3,5.0,1.7,8.3,3.3,3.3,1.7,28.3,5.0,5.0,1.7,31.7,3.3,1.7,5.0,5.0,1.7,38.3,1.7,3.3,5.0,33.3,1.7,5.0,1.7
Nigeria,0.9,3.8,1.6,3.4,18.8,17.2,13.4,12.1,0.9,1.8,1.1,12.5,1.1,1.1,1.3,0.9,0.7,2.0,1.3,7.6,1.3,66.9,1.3,19.9,73.4,2.2,5.8,0.4,2.0,4.0,3.6,0.9,0.9,1.6,25.7,1.3,8.1,0.4,48.5,3.4,0.2,2.7,5.6,0.7,35.6,1.1,6.5,2.9,32.2,2.0,6.0,0.4
Spain,0.1,1.0,0.4,5.2,31.0,17.0,20.4,18.0,0.9,0.9,0.4,5.1,3.8,3.8,1.3,0.5,0.2,0.9,1.3,11.5,3.8,47.5,1.9,35.3,60.1,1.0,9.4,1.1,5.0,4.2,1.4,0.3,0.4,1.9,23.1,1.4,9.9,1.0,45.4,5.9,0.2,6.9,8.9,0.4,46.1,2.9,1.5,4.3,33.4,3.3,5.0,0.4
South Africa,0.2,0.9,0.3,3.3,25.3,11.5,37.9,16.8,1.2,0.9,0.9,9.6,9.9,1.9,0.7,1.4,0.2,0.2,1.9,10.5,3.3,56.4,1.0,22.9,63.7,1.4,8.2,1.2,4.4,4.0,1.0,0.9,0.3,1.9,19.9,1.7,18.3,0.2,42.4,4.7,0.3,4.4,8.0,0.9,55.1,1.6,1.2,4.0,36.0,5.1,6.5,0.7
Belgium,0.2,0.9,0.8,6.0,35.6,17.1,30.6,20.0,0.5,1.0,0.0,6.6,3.2,2.4,1.2,0.9,0.2,0.9,1.5,8.8,3.9,60.2,3.3,34.8,65.0,1.9,8.9,1.9,8.0,4.2,0.3,0.2,0.5,2.7,23.6,2.5,16.8,2.8,49.1,5.3,0.2,4.2,12.2,0.5,56.5,2.4,0.9,3.5,42.5,3.9,4.2,0.7
Italy,0.2,0.6,0.8,9.9,33.2,28.4,32.6,28.4,0.7,1.7,0.7,8.3,6.9,1.8,1.1,1.1,0.0,2.2,1.1,10.4,3.9,53.7,1.9,40.2,63.8,1.0,9.3,1.9,5.3,7.6,0.9,0.3,0.8,3.8,29.4,2.8,12.4,2.1,49.7,5.5,0.1,4.8,11.0,0.5,55.1,3.1,1.6,5.6,34.4,7.7,8.8,0.5
Brazil,0.1,0.4,0.7,4.2,26.9,17.5,23.4,16.8,2.8,1.0,0.2,8.6,6.8,4.4,1.0,0.6,0.2,1.0,2.0,12.2,2.6,49.3,2.0,31.1,65.3,1.4,9.4,1.3,6.8,2.6,0.8,0.2,0.2,1.9,19.5,1.3,8.3,0.9,44.4,4.3,0.1,8.3,8.6,0.6,52.0,2.1,1.3,3.6,40.5,4.3,3.9,0.3
Portugal,0.1,0.8,0.9,5.5,31.5,20.2,27.9,17.6,1.5,0.7,0.4,5.2,3.5,3.2,1.6,0.7,0.3,0.8,1.9,13.2,4.8,51.4,2.5,31.8,65.2,1.5,11.2,1.7,6.3,4.9,1.3,0.4,1.1,2.7,19.4,1.6,11.7,1.5,44.9,5.2,0.1,8.1,10.3,0.4,47.8,4.3,1.2,4.3,40.7,4.3,4.9,0.8
Bangladesh,0.6,1.6,0.6,4.5,14.9,25.9,18.4,24.3,0.2,0.4,1.6,11.0,0.4,0.4,0.4,0.4,0.4,0.2,1.0,8.2,0.8,60.0,0.4,28.8,73.7,0.2,6.9,0.2,2.2,4.7,1.4,0.6,0.0,1.8,32.4,1.0,7.8,0.6,42.2,3.1,0.0,2.7,4.7,1.0,45.5,0.2,3.3,3.1,33.9,1.6,2.9,0.8
Canada,0.2,0.5,0.5,6.2,35.5,19.5,29.3,23.7,1.4,0.8,0.5,3.5,2.5,3.3,1.1,0.8,0.3,1.2,2.3,14.8,3.1,51.7,2.0,28.5,65.0,1.0,7.4,2.2,7.1,3.3,0.8,0.5,0.7,3.3,16.2,2.9,15.7,0.7,50.9,3.9,0.1,8.7,14.6,0.5,47.8,2.9,1.5,4.8,40.5,3.8,4.4,0.7
Argentina,0.7,0.5,0.7,4.8,25.2,15.7,20.0,14.0,0.7,2.1,0.7,4.5,2.9,1.2,0.3,0.7,0.0,0.9,0.7,12.1,1.9,53.0,1.7,27.6,68.2,0.9,6.6,1.2,3.8,2.8,2.4,0.0,0.0,1.2,20.9,1.0,6.4,0.7,40.2,3.5,0.2,4.5,9.3,0.9,49.2,1.9,2.6,2.6,37.1,3.6,5.4,0.5
Switzerland,0.0,1.0,0.4,6.4,40.5,21.7,31.2,25.4,1.5,0.6,0.2,5.7,3.7,2.2,0.7,1.3,0.1,1.1,1.2,14.9,3.9,52.8,3.5,38.6,61.0,1.3,11.9,1.5,5.0,6.4,0.3,0.3,1.1,2.4,22.8,3.5,18.6,0.9,52.3,6.9,0.3,5.2,13.9,0.3,52.2,4.9,1.4,4.2,41.5,3.7,3.4,0.7
Sri Lanka,0.0,0.0,0.0,4.1,18.4,17.1,24.0,15.7,0.0,0.0,0.0,16.1,0.5,1.8,1.4,0.5,0.0,0.5,2.3,8.8,2.8,66.4,2.8,51.6,74.7,0.0,9.7,0.9,5.1,3.7,0.9,0.5,0.5,0.9,30.0,0.5,12.4,0.5,47.0,6.0,0.0,2.3,7.8,0.5,54.4,0.9,0.5,4.1,41.9,3.2,7.4,0.0
Poland,0.2,0.3,0.3,5.1,31.9,17.5,29.4,26.1,0.9,0.2,0.4,4.8,3.2,2.6,1.2,0.9,0.2,0.2,2.5,12.3,4.8,46.5,2.3,29.7,57.4,0.9,11.0,0.8,6.6,2.8,0.6,0.2,0.6,2.1,17.7,1.4,12.6,0.9,47.3,3.2,0.1,6.2,12.6,0.4,46.2,3.9,0.8,3.5,39.6,2.3,1.5,1.0
Lebanon,0.0,0.0,0.0,6.1,21.2,28.8,24.2,19.7,0.0,0.0,0.0,12.1,0.0,0.0,0.0,0.0,0.0,1.5,0.0,7.6,3.0,54.5,0.0,36.4,81.8,0.0,12.1,3.0,0.0,9.1,1.5,0.0,0.0,3.0,28.8,1.5,7.6,3.0,31.8,4.5,0.0,0.0,7.6,0.0,45.5,0.0,4.5,7.6,39.4,0.0,4.5,1.5
Lithuania,0.0,0.0,1.3,3.8,23.7,11.4,39.4,18.0,1.3,0.3,0.3,2.8,1.9,1.6,0.3,0.0,0.0,0.3,2.5,9.5,1.6,49.2,1.6,24.3,60.3,0.6,5.7,0.6,4.7,1.6,0.0,0.0,0.3,1.9,18.0,1.3,14.5,0.6,33.4,4.1,0.0,4.7,10.4,0.6,45.4,2.8,0.3,4.1,41.3,2.8,1.9,0.0
Serbia,0.0,0.0,0.5,3.4,24.0,17.5,29.3,16.5,0.2,0.2,0.0,4.6,3.1,1.7,0.5,0.5,0.0,0.7,0.7,12.2,1.2,48.4,0.5,28.3,63.1,1.0,9.4,1.0,3.4,3.8,0.5,0.2,0.0,1.7,19.9,0.2,7.9,0.2,36.2,2.6,0.0,3.6,7.7,0.2,46.3,1.4,1.4,2.6,43.2,1.9,1.4,0.2
Cyprus,0.0,0.0,0.0,3.6,22.6,14.3,35.7,20.2,2.4,0.0,0.0,3.6,4.8,0.0,0.0,2.4,0.0,1.2,2.4,6.0,2.4,45.2,0.0,23.8,50.0,0.0,8.3,0.0,4.8,8.3,1.2,1.2,0.0,2.4,17.9,0.0,11.9,0.0,39.3,3.6,0.0,1.2,3.6,0.0,39.3,2.4,3.6,7.1,27.4,2.4,4.8,1.2
China,0.6,0.8,0.6,5.5,24.0,28.5,17.2,34.4,1.8,0.2,0.3,4.1,9.6,1.4,1.4,0.3,0.3,0.6,1.1,21.9,2.9,34.1,1.4,37.0,46.7,1.8,6.8,2.3,7.9,6.1,2.4,0.2,1.4,2.1,7.8,2.0,8.8,0.6,53.3,3.2,0.6,3.8,15.4,0.3,35.8,3.8,1.7,3.8,26.6,2.4,1.5,1.1
Bahrain,5.3,10.5,0.0,5.3,21.1,21.1,42.1,36.8,0.0,0.0,5.3,15.8,0.0,0.0,0.0,0.0,0.0,0.0,0.0,15.8,0.0,68.4,0.0,52.6,68.4,0.0,5.3,0.0,0.0,5.3,0.0,0.0,0.0,0.0,36.8,0.0,26.3,0.0,36.8,0.0,0.0,0.0,5.3,0.0,63.2,0.0,0.0,0.0,21.1,5.3,10.5,0.0
Iran,0.3,1.2,0.5,6.1,20.3,14.9,33.1,21.1,0.3,0.2,0.3,9.7,1.7,0.7,0.2,0.2,0.2,0.7,0.7,13.7,1.6,52.2,1.6,20.5,58.8,0.9,9.2,0.7,3.8,5.9,1.4,0.3,0.7,1.0,21.8,0.9,6.1,0.7,46.6,1.2,0.2,1.6,7.3,0.7,43.5,1.6,2.3,2.9,31.7,1.7,4.5,0.7
Pakistan,0.2,1.7,1.5,6.0,12.4,19.0,25.2,27.0,0.5,1.2,0.3,13.1,0.8,1.3,1.0,0.3,0.5,0.7,1.0,3.4,0.8,63.3,0.7,25.8,69.3,0.7,9.7,0.5,1.8,5.5,2.0,0.3,0.3,2.7,30.7,0.8,8.4,1.2,41.1,3.0,0.3,5.0,4.4,0.7,49.2,0.7,4.2,4.2,35.2,2.2,5.9,0.3
Egypt,0.7,0.3,1.0,7.1,18.9,23.0,24.3,31.8,0.7,1.0,0.7,15.2,1.4,1.4,1.0,0.3,0.3,0.7,2.0,6.4,1.7,58.1,1.7,24.3,64.9,1.7,9.8,0.7,6.1,7.1,2.0,0.3,0.7,2.4,20.3,0.3,7.1,2.0,45.9,3.7,0.3,3.7,9.5,1.4,41.6,1.4,1.7,4.7,32.8,2.7,5.7,1.0
Russia,0.3,0.8,0.2,6.6,29.7,18.3,29.9,29.2,2.0,0.2,0.5,5.4,6.0,1.3,0.9,1.3,0.2,0.5,2.1,14.8,3.5,43.0,2.6,25.9,49.6,1.2,11.6,1.7,8.7,2.4,1.0,0.6,0.6,1.1,15.1,1.9,9.2,0.8,48.9,2.8,0.2,4.3,13.3,0.1,44.0,3.0,1.3,3.7,28.2,3.9,1.7,1.4
Turkey,0.3,0.9,0.9,7.3,21.3,26.2,40.1,27.1,0.7,0.8,0.9,12.0,5.1,1.0,0.3,0.6,0.3,0.8,2.2,15.0,1.8,50.2,1.6,34.3,65.3,1.0,11.2,2.0,6.2,7.5,0.9,1.2,0.3,3.1,21.2,2.3,9.5,0.9,46.5,4.1,0.2,4.5,11.4,0.5,47.4,1.6,2.4,6.4,32.7,4.0,5.9,1.4
Slovakia,0.0,0.0,0.0,6.8,26.4,21.6,28.4,22.7,1.1,0.0,0.0,5.1,3.7,0.9,0.6,0.9,0.3,0.3,3.1,10.5,2.6,53.4,4.3,28.1,60.2,0.0,8.2,0.3,6.2,3.4,1.1,0.6,0.3,2.0,27.3,0.9,10.8,0.0,48.0,3.7,0.3,2.3,11.9,0.0,48.6,1.4,0.3,3.4,39.8,4.8,2.8,1.4
Latvia,0.6,0.0,0.0,3.4,29.9,14.4,28.2,20.1,0.6,0.0,0.0,1.7,4.0,2.9,0.6,0.6,0.0,0.6,2.3,12.1,5.7,63.2,1.1,28.2,69.5,1.1,5.7,1.1,6.3,2.9,0.0,0.0,0.0,1.1,29.3,2.3,14.9,0.6,39.7,1.7,0.0,6.9,12.1,0.0,52.9,5.2,1.7,2.9,48.9,1.7,1.7,0.6
Greece,0.0,0.6,0.0,6.7,26.1,20.3,26.0,20.3,0.5,1.3,0.8,4.3,5.4,1.9,0.2,0.5,0.2,1.4,0.8,7.0,3.3,50.4,1.1,39.3,59.6,1.3,6.5,0.8,4.3,8.2,0.5,0.6,0.5,1.4,22.5,1.9,7.9,2.4,45.5,4.1,0.0,6.3,7.1,0.0,54.0,2.7,1.1,2.4,30.6,5.1,5.1,0.3
Austria,0.0,0.2,1.0,5.4,36.8,24.5,31.9,26.2,0.7,0.3,0.3,6.3,2.9,1.9,0.9,1.2,0.0,0.9,1.1,12.0,4.5,54.3,2.0,38.2,60.1,1.6,14.8,1.1,6.6,4.5,0.7,0.5,0.6,1.7,22.0,2.6,15.9,1.7,49.7,7.1,0.5,3.8,15.3,0.3,50.9,3.0,1.3,4.9,43.6,4.4,3.9,1.5
Denmark,0.6,0.6,0.2,5.1,31.5,17.6,40.2,20.4,0.9,0.6,0.2,5.4,5.2,3.6,1.4,3.3,0.0,0.5,1.8,12.4,2.5,49.4,2.5,21.2,57.2,2.6,6.5,0.8,6.9,2.6,0.2,0.1,1.5,2.1,16.6,2.1,20.0,0.4,42.5,5.8,0.0,5.3,16.4,0.7,49.2,2.5,0.7,4.4,43.3,3.4,1.9,0.9
Israel,0.3,0.4,0.3,4.5,29.5,19.1,25.6,20.0,1.4,0.3,0.0,4.9,0.9,1.2,0.5,0.1,0.1,0.1,0.7,12.9,5.0,40.5,0.8,28.6,59.8,0.5,8.4,0.3,4.0,2.7,1.1,0.1,0.3,1.8,7.7,1.5,10.9,0.2,59.3,2.1,0.1,3.6,8.9,0.2,41.8,3.5,0.4,3.0,38.3,1.6,2.1,0.2
Norway,0.0,0.4,0.4,5.6,34.3,16.8,34.6,19.0,2.3,0.1,0.0,4.1,3.6,2.3,1.1,1.8,0.3,1.0,1.6,15.0,4.1,50.8,3.1,27.2,59.8,0.5,15.7,2.3,6.7,2.7,0.3,0.0,0.0,1.6,13.4,2.7,17.5,0.3,47.1,2.3,0.3,2.6,19.9,0.1,45.8,2.6,1.0,4.0,46.3,1.0,2.6,1.0
Hungary,0.2,0.0,0.5,5.6,31.0,17.3,35.4,21.4,2.0,0.0,0.0,5.3,5.6,2.1,1.5,0.2,0.0,0.0,1.5,10.9,2.8,52.6,2.6,34.3,62.4,0.2,10.5,0.5,5.3,4.1,0.0,0.5,0.3,2.3,21.4,2.0,11.0,0.5,45.8,2.1,0.0,3.5,12.5,0.3,49.3,3.0,0.7,3.6,44.0,3.1,2.8,0.5
Singapore,0.3,0.7,0.7,4.4,32.6,17.4,23.5,24.2,1.3,1.3,0.0,8.1,0.7,1.7,0.3,1.0,0.3,0.3,2.0,19.8,4.7,46.3,1.7,36.9,64.8,1.0,11.4,0.7,4.0,3.4,1.0,0.3,1.3,2.7,14.4,0.3,11.4,0.7,61.1,8.7,0.0,6.4,15.1,0.0,48.7,4.0,2.0,7.4,38.3,3.4,5.0,0.3
United Arab Emirates,0.0,0.6,0.6,3.4,26.4,12.4,27.0,18.0,0.6,0.6,0.6,11.8,2.8,1.7,0.0,1.7,0.0,1.1,0.0,12.9,2.8,56.7,0.6,30.3,65.2,0.0,14.0,0.6,5.6,2.8,2.2,0.0,0.0,5.1,25.8,2.2,10.7,0.0,50.6,4.5,0.6,3.4,7.9,0.6,44.9,0.6,3.9,5.6,36.0,5.6,6.7,0.0
Croatia,0.0,0.3,0.7,6.2,24.8,15.2,33.1,16.9,0.7,0.3,0.0,6.6,4.1,3.1,1.4,0.0,0.0,0.3,0.3,9.3,3.8,53.1,1.4,28.3,66.2,0.0,10.0,1.0,4.8,3.1,1.4,0.3,0.0,2.1,18.6,1.7,16.6,0.0,36.6,3.1,0.0,2.4,11.4,0.3,49.0,1.7,2.8,4.5,38.6,2.1,3.8,0.0
Czechia,0.1,0.7,0.1,7.6,33.5,24.3,31.2,25.2,1.5,0.1,0.2,5.3,4.4,1.4,0.7,1.2,0.5,0.8,2.2,11.1,4.6,52.6,3.9,29.6,59.6,1.3,10.8,2.2,7.2,3.8,0.6,0.2,0.3,2.1,24.3,3.5,11.4,2.3,46.0,3.7,0.4,4.5,14.5,0.3,45.5,2.5,0.9,4.2,41.3,2.7,2.7,0.9
Kosovo,0.0,0.0,0.0,3.7,11.1,0.0,29.6,0.0,0.0,0.0,0.0,7.4,0.0,0.0,0.0,0.0,0.0,0.0,0.0,3.7,3.7,40.7,0.0,37.0,63.0,0.0,3.7,0.0,0.0,0.0,0.0,0.0,0.0,0.0,14.8,0.0,11.1,0.0,25.9,0.0,0.0,7.4,3.7,0.0,33.3,0.0,0.0,7.4,22.2,0.0,0.0,0.0
Nepal,0.0,1.4,0.9,2.4,18.4,36.8,15.6,22.2,0.9,0.0,0.5,11.8,0.5,1.4,0.5,0.5,0.5,0.5,0.0,9.0,0.9,58.5,1.4,30.2,75.5,0.0,8.5,0.9,4.7,5.2,0.9,0.0,0.5,0.9,23.1,0.0,8.0,0.9,48.6,2.8,0.5,3.8,10.4,0.5,42.9,0.0,2.4,2.4,40.6,0.0,1.9,0.9
Slovenia,0.0,0.0,0.7,5.9,34.3,18.8,32.1,19.6,0.7,0.7,0.0,8.1,8.1,2.6,0.0,0.7,0.0,0.4,2.2,12.9,3.0,55.4,0.0,35.4,70.5,1.1,11.8,0.7,4.8,3.3,0.0,0.4,0.7,3.3,26.2,3.0,19.6,0.7,49.1,4.8,0.0,5.2,12.2,0.4,61.6,3.7,4.4,4.1,44.6,3.7,3.7,0.4
Romania,0.0,0.7,0.8,5.8,26.7,18.5,28.3,23.6,0.1,0.2,0.0,6.3,1.9,1.1,0.6,1.0,0.1,0.2,0.8,10.9,3.9,53.9,1.2,30.9,66.2,1.1,7.7,2.1,5.7,5.4,0.7,0.0,0.2,2.3,17.9,1.3,14.4,2.3,40.0,1.6,0.1,4.8,10.3,0.8,50.2,2.7,1.0,4.0,42.9,2.2,3.9,0.4
Luxembourg,0.0,0.0,0.0,5.6,33.3,11.1,26.4,13.9,2.8,1.4,0.0,5.6,6.9,2.8,0.0,0.0,0.0,1.4,1.4,4.2,1.4,52.8,1.4,29.2,58.3,2.8,5.6,1.4,4.2,4.2,0.0,0.0,0.0,2.8,30.6,4.2,20.8,2.8,50.0,8.3,0.0,2.8,11.1,0.0,47.2,8.3,1.4,4.2,36.1,8.3,5.6,1.4
Indonesia,1.0,1.4,1.0,3.9,19.7,18.3,18.5,20.7,1.6,1.8,1.8,17.4,3.9,2.2,1.0,0.6,0.8,1.4,3.2,20.7,1.6,57.0,1.4,32.0,70.2,1.2,14.0,1.0,4.3,3.7,4.7,0.6,0.8,1.6,42.8,1.4,7.9,1.4,44.2,5.1,0.2,6.3,8.7,0.6,49.5,1.2,1.0,3.0,34.5,3.7,6.7,1.2
Tunisia,0.0,0.9,0.9,3.7,22.4,28.0,29.9,15.0,0.0,0.9,0.0,14.0,0.9,1.9,0.0,0.0,0.0,0.9,0.0,9.3,1.9,73.8,0.0,43.0,74.8,0.9,7.5,0.0,6.5,9.3,0.9,0.0,0.9,0.0,40.2,0.0,14.0,4.7,55.1,4.7,0.0,0.0,7.5,0.9,58.9,1.9,1.9,2.8,55.1,5.6,7.5,0.0
Republic of Korea,0.0,1.2,0.0,9.3,24.4,29.1,17.4,27.9,0.0,1.2,0.0,3.5,2.3,2.3,0.0,0.0,0.0,0.0,0.0,16.3,2.3,44.2,2.3,30.2,51.2,0.0,15.1,2.3,4.7,4.7,1.2,1.2,2.3,4.7,8.1,1.2,9.3,0.0,59.3,3.5,0.0,4.7,12.8,0.0,37.2,1.2,0.0,4.7,33.7,1.2,2.3,0.0
Vietnam,0.3,0.5,0.3,4.6,23.3,25.4,27.4,34.4,0.3,0.3,0.3,7.7,1.5,0.8,0.3,0.8,0.0,0.0,2.3,13.8,2.6,53.8,1.8,43.6,67.2,0.8,9.0,0.5,6.4,4.6,2.6,0.8,0.5,2.3,19.5,0.8,11.5,0.3,44.6,4.9,0.0,6.2,9.0,0.3,48.5,2.3,1.8,3.8,33.6,3.3,2.3,0.0
Ukraine,0.6,1.0,0.8,3.0,23.5,12.1,22.1,17.5,0.9,0.1,0.6,5.5,3.0,1.6,0.5,0.8,0.2,0.3,0.9,11.0,3.7,44.3,1.6,22.6,56.9,0.6,7.4,0.3,3.9,1.8,1.4,0.1,0.0,1.9,15.5,0.8,7.2,0.2,33.0,1.5,0.0,7.1,8.6,0.1,42.6,3.1,1.0,4.4,37.6,2.6,1.5,0.2
Kenya,0.4,2.0,0.4,4.1,22.1,22.5,15.2,18.4,2.0,0.8,0.8,14.3,0.4,4.5,0.4,1.2,0.4,0.8,1.6,11.9,1.2,63.5,2.5,29.9,70.5,0.4,14.3,0.4,2.9,2.9,1.6,0.4,0.8,1.6,33.6,0.8,5.7,1.2,50.0,6.6,0.4,5.7,7.4,1.6,48.8,0.4,4.1,2.5,30.3,1.2,5.3,0.8
Nomadic,1.6,1.6,0.0,9.8,32.8,21.3,21.3,16.4,1.6,0.0,0.0,1.6,1.6,9.8,8.2,0.0,0.0,1.6,0.0,16.4,0.0,49.2,4.9,19.7,54.1,1.6,9.8,6.6,6.6,8.2,8.2,0.0,3.3,3.3,16.4,1.6,6.6,1.6,42.6,3.3,0.0,6.6,9.8,0.0,44.3,6.6,6.6,4.9,36.1,4.9,4.9,3.3
Dominican Rep.,0.0,0.0,0.0,4.2,15.5,7.0,50.7,12.7,0.0,1.4,1.4,8.5,5.6,0.0,0.0,0.0,0.0,1.4,2.8,7.0,0.0,59.2,0.0,29.6,81.7,0.0,5.6,0.0,1.4,1.4,0.0,0.0,0.0,1.4,21.1,2.8,7.0,2.8,32.4,2.8,0.0,1.4,8.5,0.0,64.8,0.0,2.8,4.2,54.9,1.4,4.2,1.4
Morocco,2.1,2.1,2.8,6.9,23.4,36.6,20.0,26.2,2.1,2.1,2.8,12.4,2.8,1.4,2.8,2.8,1.4,3.4,3.4,12.4,3.4,66.9,2.1,38.6,80.0,2.1,10.3,2.8,6.2,7.6,1.4,2.1,2.1,2.1,33.1,1.4,12.4,2.1,51.0,7.6,0.7,3.4,9.0,0.7,55.2,2.1,2.8,2.8,37.9,5.5,7.6,1.4
Uzbekistan,0.0,0.0,0.0,3.1,12.5,14.1,14.1,12.5,3.1,1.6,1.6,10.9,4.7,0.0,0.0,0.0,0.0,0.0,1.6,12.5,1.6,51.6,0.0,20.3,62.5,0.0,12.5,0.0,3.1,1.6,0.0,0.0,0.0,0.0,20.3,0.0,3.1,0.0,39.1,1.6,0.0,1.6,10.9,0.0,40.6,3.1,1.6,1.6,42.2,0.0,3.1,0.0
Belarus,0.8,0.0,0.0,7.8,26.6,14.8,31.2,24.2,1.6,0.0,0.0,5.5,7.8,1.6,1.6,0.0,0.0,0.8,1.6,8.6,2.3,46.9,2.3,21.1,53.1,0.8,7.0,3.9,3.1,0.8,1.6,0.0,0.0,2.3,14.1,0.8,7.8,0.8,37.5,0.8,0.0,6.2,12.5,0.0,45.3,0.8,3.1,0.8,34.4,0.8,0.0,0.0
Isle of Man,0.0,0.0,0.0,0.0,23.1,15.4,46.2,23.1,0.0,0.0,0.0,15.4,0.0,0.0,0.0,0.0,0.0,7.7,0.0,23.1,0.0,76.9,0.0,30.8,84.6,0.0,0.0,0.0,0.0,15.4,0.0,0.0,0.0,7.7,23.1,0.0,30.8,0.0,23.1,0.0,0.0,0.0,0.0,0.0,76.9,0.0,0.0,7.7,46.2,15.4,15.4,0.0
Estonia,0.0,0.4,0.4,4.3,29.9,15.4,20.1,16.7,0.9,0.0,0.4,5.6,4.3,7.3,1.3,1.3,0.0,0.4,1.7,11.5,4.7,56.4,0.4,35.5,69.2,1.7,10.3,1.3,3.0,2.1,0.0,0.0,0.4,1.3,23.9,1.7,14.1,0.4,44.4,2.6,0.0,6.0,10.3,0.0,50.4,2.6,1.3,5.1,45.7,0.4,0.9,0.4
Bulgaria,0.4,0.4,0.6,4.1,27.0,13.9,32.2,18.3,1.0,1.0,0.2,3.5,4.6,2.7,1.7,0.6,0.4,1.2,1.5,9.5,4.1,51.9,2.5,22.6,66.6,0.6,7.1,2.5,4.6,1.7,1.0,0.2,0.4,1.2,23.0,2.1,8.9,1.0,33.2,1.5,0.2,5.6,8.5,0.2,49.8,1.7,1.2,2.7,37.1,3.1,2.9,0.6
Macedonia,2.0,5.9,2.0,2.0,23.5,11.8,19.6,19.6,2.0,2.0,2.0,7.8,3.9,0.0,0.0,2.0,0.0,2.0,2.0,7.8,5.9,39.2,2.0,29.4,56.9,0.0,13.7,0.0,0.0,0.0,2.0,0.0,0.0,2.0,23.5,2.0,7.8,2.0,39.2,5.9,2.0,9.8,3.9,3.9,41.2,0.0,0.0,5.9,35.3,2.0,5.9,0.0
Georgia,0.6,1.8,0.6,1.8,24.1,13.9,24.7,16.3,1.2,0.6,1.2,4.8,2.4,5.4,1.8,0.6,1.2,0.6,2.4,14.5,3.0,46.4,3.0,18.7,59.0,3.0,9.6,3.6,6.6,1.8,0.0,1.2,1.2,2.4,16.9,1.8,9.0,1.2,39.2,1.8,1.2,9.6,12.7,0.6,34.3,3.0,3.6,6.6,40.4,1.8,0.6,1.2
Ireland,0.4,1.3,0.9,5.8,36.2,16.2,24.8,18.5,1.9,1.1,0.4,2.4,2.6,0.9,0.6,0.6,0.4,1.3,1.7,13.8,5.8,45.3,1.7,33.2,58.2,0.6,6.5,1.9,3.7,1.7,1.5,0.2,0.2,1.7,12.3,3.0,14.0,1.1,52.8,8.4,0.0,7.8,11.4,0.4,45.3,3.7,0.6,4.3,33.0,5.2,5.8,0.2
Benin,0.0,0.0,0.0,0.0,17.6,17.6,11.8,29.4,0.0,0.0,0.0,41.2,0.0,5.9,5.9,0.0,0.0,0.0,0.0,0.0,0.0,82.4,0.0,35.3,70.6,5.9,17.6,0.0,11.8,0.0,0.0,0.0,0.0,5.9,47.1,0.0,11.8,0.0,47.1,11.8,0.0,11.8,5.9,0.0,52.9,5.9,5.9,5.9,35.3,11.8,0.0,0.0
Qatar,0.0,0.0,0.0,0.0,31.2,25.0,37.5,25.0,0.0,0.0,0.0,31.2,0.0,0.0,0.0,6.2,0.0,0.0,0.0,18.8,0.0,50.0,0.0,25.0,50.0,6.2,25.0,0.0,0.0,0.0,6.2,0.0,0.0,0.0,25.0,0.0,6.2,0.0,50.0,6.2,0.0,0.0,6.2,0.0,50.0,0.0,0.0,12.5,18.8,12.5,6.2,0.0
Japan,0.3,0.3,0.6,5.0,29.3,22.1,21.8,22.9,1.4,0.6,0.8,6.9,2.8,4.7,1.4,1.9,0.0,1.1,0.8,16.3,1.4,49.4,2.5,24.6,61.3,0.8,9.7,2.2,5.8,5.0,0.6,0.3,0.6,3.6,18.5,2.8,7.2,1.1,51.9,3.9,0.0,11.0,16.6,0.3,39.0,3.6,2.8,6.6,40.6,3.6,3.3,0.6
Venezuela,0.0,0.9,0.0,4.7,22.6,13.2,17.0,21.7,0.0,0.0,0.0,9.4,3.8,1.9,0.9,0.0,0.0,0.0,1.9,8.5,0.9,67.9,2.8,17.0,79.2,0.0,4.7,0.9,4.7,2.8,2.8,0.0,0.9,0.0,39.6,0.9,10.4,0.9,39.6,3.8,0.0,5.7,5.7,0.0,60.4,0.9,4.7,1.9,50.0,7.5,3.8,0.9
Tajikistan,0.0,0.0,0.0,0.0,0.0,20.0,40.0,40.0,0.0,0.0,0.0,0.0,0.0,0.0,0.0,0.0,0.0,0.0,0.0,0.0,0.0,80.0,0.0,0.0,60.0,0.0,0.0,0.0,20.0,0.0,0.0,0.0,0.0,0.0,60.0,0.0,0.0,0.0,20.0,0.0,0.0,0.0,0.0,0.0,60.0,0.0,0.0,0.0,40.0,0.0,20.0,0.0
Malta,0.0,0.0,8.7,6.5,28.3,10.9,39.1,15.2,0.0,0.0,0.0,8.7,4.3,2.2,4.3,0.0,0.0,2.2,2.2,2.2,0.0,60.9,2.2,26.1,67.4,0.0,2.2,0.0,4.3,6.5,0.0,0.0,0.0,4.3,28.3,0.0,17.4,0.0,43.5,4.3,0.0,2.2,10.9,0.0,43.5,0.0,2.2,0.0,37.0,2.2,6.5,0.0
Colombia,0.0,0.2,0.9,2.4,20.9,8.6,19.1,11.4,0.6,0.4,0.6,6.5,2.4,1.3,0.2,0.2,0.2,0.9,1.5,11.2,2.2,58.9,1.1,33.1,70.5,1.7,8.0,0.4,4.1,6.2,1.3,0.6,0.4,1.7,20.2,0.9,8.4,0.4,44.3,6.5,0.2,6.7,5.6,1.5,52.5,3.4,1.1,3.0,40.2,3.9,4.9,0.2
Bhutan,0.0,0.0,0.0,0.0,33.3,0.0,0.0,33.3,0.0,0.0,0.0,0.0,0.0,0.0,0.0,0.0,0.0,0.0,0.0,0.0,0.0,66.7,0.0,0.0,66.7,0.0,0.0,0.0,0.0,0.0,0.0,0.0,0.0,0.0,33.3,0.0,0.0,0.0,33.3,0.0,0.0,33.3,0.0,0.0,33.3,0.0,0.0,0.0,66.7,0.0,0.0,0.0
Taiwan,0.4,0.0,0.0,6.3,29.7,23.8,26.8,31.4,0.8,0.8,1.3,6.7,3.3,3.8,0.4,0.4,0.0,1.3,1.3,17.2,3.3,49.0,0.4,23.8,63.6,0.8,11.3,1.7,7.1,5.4,1.3,0.0,0.4,5.0,16.7,2.1,10.5,0.4,56.1,3.8,0.0,4.6,13.8,0.4,41.8,2.1,2.1,8.8,32.2,5.4,5.4,0.0
Armenia,0.0,0.0,0.0,2.6,25.4,11.4,27.2,19.3,2.6,0.0,0.0,6.1,1.8,2.6,1.8,0.9,0.9,0.0,0.0,16.7,2.6,49.1,0.9,26.3,62.3,0.0,13.2,0.0,5.3,0.9,1.8,0.0,1.8,2.6,10.5,0.9,7.9,0.0,42.1,3.5,0.0,3.5,12.3,0.9,44.7,3.5,3.5,7.9,36.8,0.9,1.8,0.9
Oman,0.0,0.0,0.0,18.2,27.3,9.1,18.2,36.4,0.0,0.0,0.0,27.3,0.0,0.0,0.0,0.0,0.0,0.0,0.0,9.1,0.0,72.7,0.0,27.3,72.7,0.0,0.0,0.0,0.0,27.3,0.0,0.0,0.0,0.0,27.3,0.0,9.1,9.1,72.7,27.3,0.0,18.2,18.2,0.0,54.5,0.0,0.0,9.1,54.5,0.0,18.2,0.0
El Salvador,0.0,0.0,0.0,2.9,11.8,2.9,26.5,8.8,0.0,0.0,0.0,5.9,2.9,2.9,2.9,2.9,0.0,0.0,0.0,2.9,0.0,55.9,5.9,32.4,79.4,0.0,8.8,0.0,0.0,2.9,0.0,0.0,0.0,5.9,41.2,2.9,11.8,0.0,32.4,0.0,0.0,11.8,5.9,0.0,50.0,2.9,0.0,5.9,44.1,2.9,14.7,0.0
Cuba,0.0,0.0,0.0,12.1,18.2,12.1,30.3,21.2,0.0,0.0,3.0,6.1,3.0,3.0,0.0,0.0,0.0,0.0,3.0,15.2,3.0,66.7,6.1,27.3,75.8,0.0,9.1,3.0,3.0,3.0,0.0,0.0,0.0,0.0,27.3,0.0,12.1,3.0,42.4,3.0,0.0,9.1,9.1,3.0,36.4,6.1,0.0,0.0,42.4,0.0,0.0,3.0
Cambodia,3.3,3.3,6.7,6.7,20.0,13.3,13.3,13.3,3.3,3.3,3.3,13.3,6.7,3.3,3.3,3.3,3.3,3.3,3.3,6.7,3.3,50.0,3.3,10.0,56.7,3.3,10.0,3.3,3.3,6.7,6.7,3.3,3.3,6.7,33.3,6.7,6.7,6.7,33.3,3.3,3.3,10.0,10.0,3.3,43.3,3.3,6.7,13.3,30.0,3.3,6.7,6.7
Montenegro,0.0,0.0,0.0,2.6,23.7,10.5,23.7,15.8,2.6,0.0,0.0,5.3,0.0,0.0,2.6,0.0,0.0,2.6,2.6,15.8,2.6,52.6,5.3,31.6,65.8,0.0,7.9,5.3,2.6,0.0,0.0,2.6,0.0,5.3,21.1,2.6,10.5,2.6,28.9,2.6,0.0,2.6,10.5,0.0,50.0,0.0,2.6,5.3,47.4,2.6,5.3,0.0
Malaysia,0.0,0.4,0.4,5.7,20.8,20.8,29.9,23.9,0.0,1.5,0.4,13.3,3.4,2.7,0.8,0.0,0.0,0.4,0.8,8.7,0.8,62.5,1.1,32.2,72.7,0.4,7.2,0.0,5.7,5.3,2.7,0.0,0.0,2.3,35.6,2.7,11.7,0.4,45.1,4.2,0.0,9.8,7.2,0.4,56.1,1.5,3.0,3.0,43.2,4.2,8.0,0.8
Bosnia and Herz.,0.0,0.0,0.0,2.3,20.7,9.2,35.6,20.7,1.1,0.0,0.0,5.7,2.3,1.1,0.0,1.1,0.0,0.0,2.3,11.5,1.1,62.1,1.1,27.6,77.0,1.1,8.0,1.1,4.6,3.4,2.3,0.0,0.0,2.3,24.1,0.0,10.3,1.1,28.7,1.1,0.0,4.6,5.7,0.0,54.0,2.3,3.4,3.4,47.1,2.3,3.4,0.0
Zimbabwe,0.0,0.0,2.9,8.8,14.7,14.7,14.7,11.8,0.0,0.0,0.0,17.6,0.0,0.0,0.0,0.0,0.0,0.0,0.0,8.8,0.0,70.6,2.9,41.2,61.8,0.0,14.7,0.0,5.9,0.0,2.9,0.0,0.0,2.9,29.4,0.0,11.8,0.0,55.9,2.9,0.0,0.0,14.7,0.0,35.3,0.0,0.0,5.9,23.5,2.9,8.8,0.0
South Korea,0.0,0.0,0.0,4.9,26.0,24.0,25.0,28.9,0.0,0.0,0.0,11.8,2.5,2.9,1.0,0.5,0.0,0.0,2.5,14.7,2.5,46.1,0.5,39.7,65.7,1.0,17.6,0.5,3.9,4.4,1.0,0.5,1.0,6.4,12.3,0.5,9.3,0.5,54.4,5.4,0.0,3.9,9.3,0.0,35.8,1.0,2.0,13.2,36.8,3.9,2.0,1.0
Saudi Arabia,2.9,3.8,5.8,11.5,23.1,19.2,31.7,16.3,2.9,2.9,3.8,15.4,4.8,4.8,4.8,3.8,2.9,3.8,6.7,11.5,2.9,67.3,3.8,32.7,64.4,4.8,14.4,3.8,14.4,7.7,1.0,3.8,2.9,3.8,19.2,3.8,17.3,1.9,51.9,6.7,2.9,7.7,17.3,2.9,54.8,2.9,3.8,6.7,33.7,6.7,7.7,5.8
Thailand,0.5,1.4,0.0,6.0,27.3,18.5,31.0,21.8,0.5,0.0,0.0,12.5,2.8,1.9,0.0,0.9,0.0,0.9,1.9,18.5,1.4,53.7,1.9,30.6,63.4,0.0,10.2,0.5,6.0,5.6,3.2,0.5,0.0,3.7,20.4,1.4,9.7,0.9,44.0,3.7,0.0,5.6,11.1,0.5,44.9,4.2,2.8,9.7,43.5,2.8,6.9,0.5
Hong Kong (S.A.R.),0.5,0.5,1.0,4.4,39.0,18.5,24.9,27.8,0.5,0.5,0.5,10.7,4.4,1.0,1.0,0.0,0.0,0.5,1.5,12.2,2.9,60.5,2.0,38.0,68.8,1.0,10.7,1.0,5.9,8.3,1.0,0.5,0.0,5.9,24.4,2.9,16.6,0.5,62.9,7.3,0.5,6.8,9.8,0.5,51.7,1.5,4.9,8.3,45.4,6.8,3.9,0.0
Peru,0.0,0.7,0.7,2.1,21.3,10.6,27.7,19.9,0.0,0.7,0.7,7.8,2.8,2.1,0.7,0.7,0.0,0.7,1.4,7.8,1.4,63.1,1.4,34.0,72.3,0.0,3.5,0.7,3.5,5.7,2.1,0.0,0.0,0.7,27.0,0.7,11.3,0.7,46.1,7.1,0.0,5.0,7.8,0.7,60.3,0.7,2.1,3.5,40.4,7.8,5.7,0.0
Azerbaijan,0.0,1.9,0.0,3.8,20.8,22.6,37.7,26.4,0.0,0.0,0.0,7.5,3.8,0.0,0.0,3.8,0.0,0.0,0.0,9.4,1.9,58.5,0.0,30.2,62.3,1.9,3.8,1.9,0.0,9.4,3.8,0.0,0.0,0.0,24.5,1.9,7.5,1.9,43.4,1.9,0.0,1.9,3.8,1.9,54.7,0.0,0.0,0.0,34.0,0.0,1.9,0.0
Afghanistan,0.0,4.7,1.6,3.1,12.5,23.4,17.2,20.3,1.6,1.6,1.6,12.5,0.0,1.6,0.0,0.0,0.0,1.6,1.6,6.2,0.0,53.1,1.6,26.6,46.9,1.6,6.2,1.6,0.0,1.6,9.4,0.0,0.0,0.0,29.7,3.1,12.5,0.0,34.4,1.6,0.0,1.6,3.1,1.6,37.5,0.0,3.1,1.6,15.6,7.8,4.7,1.6
Djibouti,0.0,0.0,0.0,0.0,0.0,0.0,0.0,0.0,0.0,0.0,0.0,0.0,50.0,0.0,0.0,0.0,0.0,0.0,0.0,0.0,0.0,50.0,0.0,0.0,50.0,0.0,0.0,0.0,0.0,0.0,0.0,0.0,0.0,0.0,0.0,0.0,0.0,0.0,0.0,0.0,0.0,0.0,0.0,0.0,50.0,0.0,0.0,0.0,50.0,0.0,0.0,0.0
Ethiopia,0.0,3.5,1.2,4.7,11.6,14.0,25.6,24.4,1.2,0.0,0.0,14.0,0.0,0.0,0.0,1.2,0.0,1.2,3.5,12.8,0.0,68.6,1.2,38.4,77.9,0.0,5.8,0.0,3.5,4.7,8.1,0.0,0.0,0.0,33.7,1.2,9.3,2.3,41.9,0.0,0.0,2.3,7.0,0.0,50.0,0.0,3.5,2.3,48.8,2.3,5.8,0.0
Paraguay,0.0,0.0,0.0,0.0,16.7,7.1,14.3,7.1,0.0,0.0,0.0,9.5,4.8,4.8,2.4,0.0,0.0,0.0,2.4,4.8,2.4,59.5,2.4,35.7,81.0,2.4,11.9,0.0,0.0,2.4,0.0,0.0,0.0,4.8,33.3,4.8,4.8,0.0,45.2,2.4,0.0,4.8,2.4,0.0,66.7,0.0,0.0,14.3,38.1,7.1,7.1,0.0
New Zealand,0.0,0.7,0.6,3.6,32.9,19.3,37.1,20.2,0.6,0.3,0.1,4.0,6.1,1.9,0.4,1.0,0.3,0.3,2.1,11.3,3.0,53.9,1.0,22.0,64.9,1.2,8.9,0.6,5.8,1.9,0.3,0.0,0.1,3.4,13.1,2.2,16.4,0.3,43.6,4.0,0.1,7.9,13.4,0.6,49.9,1.5,1.2,6.4,41.4,3.3,4.2,0.6
Panama,0.0,0.0,4.2,0.0,12.5,8.3,37.5,12.5,0.0,0.0,0.0,0.0,0.0,0.0,0.0,0.0,0.0,0.0,0.0,12.5,4.2,62.5,0.0,37.5,83.3,0.0,12.5,0.0,0.0,0.0,0.0,0.0,0.0,4.2,29.2,4.2,12.5,0.0,50.0,4.2,0.0,4.2,16.7,0.0,54.2,0.0,0.0,12.5,54.2,8.3,12.5,0.0
Zambia,0.0,0.0,3.8,0.0,7.7,7.7,23.1,19.2,0.0,0.0,0.0,23.1,3.8,3.8,0.0,0.0,0.0,0.0,0.0,15.4,3.8,65.4,0.0,23.1,76.9,0.0,7.7,0.0,0.0,3.8,0.0,0.0,0.0,0.0,42.3,0.0,3.8,0.0,42.3,0.0,0.0,3.8,3.8,0.0,46.2,0.0,0.0,0.0,15.4,0.0,7.7,0.0
Nicaragua,3.3,0.0,6.7,6.7,13.3,13.3,40.0,16.7,0.0,0.0,6.7,10.0,3.3,6.7,0.0,0.0,3.3,0.0,6.7,10.0,0.0,66.7,0.0,13.3,83.3,3.3,13.3,0.0,3.3,3.3,0.0,0.0,0.0,0.0,36.7,3.3,10.0,3.3,46.7,3.3,0.0,20.0,3.3,3.3,56.7,0.0,0.0,3.3,43.3,10.0,10.0,0.0
Mauritius,0.0,0.0,3.6,7.1,21.4,14.3,32.1,17.9,3.6,0.0,0.0,3.6,3.6,0.0,0.0,3.6,0.0,0.0,0.0,14.3,0.0,89.3,0.0,32.1,89.3,0.0,10.7,0.0,0.0,3.6,0.0,0.0,0.0,7.1,32.1,3.6,25.0,3.6,42.9,3.6,0.0,7.1,3.6,0.0,50.0,3.6,0.0,3.6,46.4,0.0,3.6,0.0
Uruguay,0.0,0.0,0.8,2.3,24.8,6.0,25.6,15.8,1.5,0.0,1.5,9.8,0.8,3.8,1.5,0.0,0.0,0.0,0.8,9.0,4.5,55.6,3.8,27.1,68.4,0.0,7.5,0.0,4.5,3.0,1.5,0.0,0.0,3.8,12.8,1.5,7.5,1.5,41.4,4.5,0.8,15.0,6.8,0.0,46.6,1.5,2.3,4.5,41.4,3.8,6.0,0.0
Dem. Rep. Congo,0.0,0.0,0.0,0.0,0.0,50.0,0.0,0.0,0.0,0.0,0.0,50.0,0.0,0.0,0.0,0.0,0.0,0.0,0.0,0.0,0.0,100.0,0.0,50.0,100.0,0.0,100.0,0.0,0.0,0.0,0.0,0.0,0.0,0.0,50.0,0.0,0.0,0.0,100.0,0.0,0.0,50.0,0.0,50.0,50.0,0.0,0.0,0.0,50.0,50.0,0.0,0.0
Kyrgyzstan,0.0,0.0,0.0,4.0,32.0,20.0,20.0,16.0,0.0,0.0,0.0,0.0,0.0,0.0,0.0,0.0,0.0,0.0,0.0,32.0,0.0,28.0,0.0,12.0,52.0,0.0,12.0,0.0,8.0,0.0,4.0,4.0,0.0,4.0,20.0,4.0,4.0,0.0,40.0,0.0,0.0,4.0,4.0,0.0,56.0,4.0,0.0,4.0,36.0,0.0,0.0,0.0
Ghana,0.0,3.3,0.0,3.3,15.6,14.4,14.4,17.8,0.0,1.1,0.0,17.8,1.1,0.0,1.1,1.1,0.0,1.1,2.2,8.9,1.1,62.2,0.0,24.4,64.4,2.2,11.1,0.0,0.0,6.7,3.3,0.0,1.1,0.0,26.7,1.1,4.4,0.0,47.8,1.1,0.0,6.7,6.7,1.1,38.9,1.1,0.0,2.2,31.1,4.4,13.3,1.1
Andorra,6.2,6.2,6.2,18.8,18.8,18.8,12.5,12.5,0.0,0.0,0.0,6.2,12.5,0.0,0.0,0.0,0.0,6.2,0.0,0.0,0.0,37.5,0.0,25.0,43.8,0.0,6.2,0.0,6.2,6.2,6.2,0.0,0.0,0.0,18.8,6.2,0.0,0.0,31.2,6.2,0.0,6.2,25.0,0.0,37.5,0.0,6.2,0.0,18.8,0.0,0.0,0.0
Kazakhstan,0.0,0.0,0.0,1.1,25.3,11.0,19.8,17.6,3.3,0.0,1.1,6.6,4.4,0.0,0.0,3.3,0.0,0.0,2.2,14.3,4.4,35.2,3.3,17.6,54.9,2.2,7.7,0.0,9.9,2.2,0.0,0.0,0.0,2.2,14.3,1.1,4.4,1.1,53.8,2.2,0.0,5.5,13.2,1.1,42.9,3.3,1.1,6.6,34.1,2.2,0.0,4.4
Jordan,1.4,1.4,0.0,9.7,25.0,15.3,22.2,31.9,1.4,1.4,0.0,18.1,4.2,2.8,2.8,1.4,1.4,1.4,1.4,5.6,4.2,65.3,1.4,34.7,69.4,2.8,12.5,2.8,2.8,11.1,2.8,0.0,0.0,2.8,16.7,0.0,13.9,0.0,37.5,4.2,0.0,4.2,8.3,1.4,44.4,0.0,4.2,5.6,34.7,4.2,6.9,0.0
Iceland,0.0,0.0,0.0,10.5,24.6,21.1,43.9,29.8,0.0,0.0,1.8,7.0,7.0,0.0,0.0,3.5,0.0,0.0,0.0,15.8,0.0,56.1,3.5,10.5,52.6,3.5,7.0,0.0,7.0,1.8,1.8,0.0,1.8,3.5,10.5,3.5,29.8,0.0,56.1,8.8,0.0,5.3,8.8,0.0,68.4,1.8,0.0,7.0,29.8,7.0,7.0,3.5
Saint Vincent and the Grenadines,0.0,0.0,0.0,0.0,0.0,50.0,0.0,0.0,0.0,0.0,0.0,50.0,0.0,0.0,0.0,0.0,0.0,0.0,0.0,0.0,0.0,50.0,0.0,0.0,50.0,0.0,0.0,0.0,0.0,0.0,50.0,0.0,0.0,50.0,50.0,0.0,0.0,0.0,50.0,0.0,0.0,0.0,0.0,0.0,50.0,0.0,0.0,0.0,0.0,0.0,0.0,0.0
Trinidad and Tobago,0.0,0.0,5.3,0.0,21.1,21.1,31.6,15.8,0.0,0.0,0.0,10.5,0.0,0.0,0.0,5.3,0.0,0.0,0.0,0.0,5.3,52.6,0.0,31.6,57.9,0.0,0.0,0.0,15.8,5.3,0.0,0.0,0.0,0.0,21.1,0.0,10.5,0.0,15.8,5.3,0.0,0.0,5.3,5.3,52.6,0.0,0.0,0.0,26.3,0.0,5.3,0.0
Ecuador,0.0,0.0,0.0,1.1,26.7,11.1,33.3,17.8,0.0,1.1,0.0,12.2,0.0,1.1,0.0,0.0,0.0,0.0,0.0,14.4,1.1,52.2,2.2,35.6,76.7,0.0,7.8,1.1,4.4,7.8,3.3,0.0,0.0,0.0,26.7,0.0,7.8,2.2,50.0,8.9,1.1,3.3,8.9,0.0,47.8,1.1,1.1,4.4,44.4,3.3,5.6,1.1
Uganda,1.7,5.0,1.7,5.0,16.7,15.0,21.7,16.7,1.7,1.7,1.7,16.7,1.7,3.3,5.0,1.7,1.7,1.7,3.3,5.0,1.7,73.3,3.3,45.0,68.3,1.7,18.3,1.7,5.0,5.0,0.0,1.7,3.3,5.0,31.7,1.7,11.7,3.3,63.3,5.0,1.7,3.3,3.3,1.7,50.0,3.3,5.0,3.3,28.3,3.3,5.0,1.7
Mexico,0.7,1.3,1.3,3.0,22.6,13.9,28.8,17.2,1.2,0.8,1.5,8.3,4.5,3.3,0.7,1.2,0.5,1.3,1.5,9.4,2.1,60.0,1.5,31.1,71.9,1.7,9.4,1.8,4.0,6.6,1.0,0.5,0.3,2.1,23.1,2.5,10.7,1.0,49.3,7.1,0.2,6.6,7.4,1.5,55.0,1.8,1.0,6.1,35.7,5.3,7.6,0.3
Moldova,0.0,0.0,0.0,0.0,20.0,6.0,30.0,10.0,0.0,0.0,2.0,0.0,6.0,2.0,0.0,0.0,0.0,0.0,0.0,16.0,0.0,50.0,2.0,16.0,64.0,2.0,10.0,2.0,4.0,0.0,0.0,0.0,2.0,4.0,24.0,0.0,10.0,0.0,20.0,0.0,0.0,12.0,6.0,0.0,52.0,4.0,0.0,4.0,46.0,0.0,0.0,2.0
Guatemala,0.0,0.0,1.7,0.0,25.0,8.3,36.7,18.3,0.0,1.7,0.0,3.3,5.0,1.7,0.0,0.0,0.0,1.7,1.7,11.7,5.0,70.0,0.0,45.0,76.7,1.7,15.0,3.3,6.7,5.0,1.7,0.0,0.0,3.3,26.7,3.3,8.3,0.0,56.7,13.3,0.0,3.3,5.0,0.0,58.3,1.7,5.0,5.0,46.7,8.3,13.3,0.0
Mongolia,0.0,0.0,4.8,0.0,23.8,28.6,19.0,38.1,0.0,0.0,0.0,33.3,0.0,0.0,0.0,0.0,0.0,0.0,0.0,23.8,0.0,66.7,0.0,42.9,90.5,0.0,4.8,0.0,0.0,0.0,0.0,0.0,0.0,4.8,19.0,0.0,14.3,0.0,66.7,0.0,0.0,9.5,4.8,0.0,66.7,0.0,0.0,14.3,71.4,0.0,4.8,0.0
Chile,0.0,0.4,0.8,4.8,29.0,14.9,20.6,13.3,0.8,1.6,0.0,4.0,2.8,2.0,0.4,0.0,0.0,3.2,1.6,14.1,1.2,56.0,0.8,28.2,74.2,1.6,5.2,1.6,6.0,2.4,2.0,0.4,0.0,1.2,25.0,1.6,9.7,1.2,55.2,3.6,0.0,10.1,7.7,0.0,56.0,1.6,1.2,2.4,44.4,4.0,4.0,0.4
Tanzania,0.0,0.0,0.0,0.0,16.7,8.3,13.9,5.6,0.0,0.0,0.0,30.6,0.0,0.0,0.0,0.0,0.0,0.0,0.0,11.1,0.0,52.8,0.0,33.3,83.3,2.8,8.3,0.0,2.8,2.8,0.0,0.0,0.0,2.8,50.0,0.0,11.1,0.0,44.4,2.8,0.0,8.3,2.8,0.0,47.2,0.0,0.0,2.8,50.0,0.0,5.6,0.0
Myanmar,0.0,7.1,0.0,2.4,14.3,9.5,14.3,16.7,0.0,0.0,2.4,7.1,0.0,2.4,0.0,0.0,0.0,0.0,0.0,4.8,0.0,42.9,0.0,23.8,61.9,0.0,9.5,2.4,0.0,0.0,7.1,0.0,0.0,0.0,26.2,0.0,2.4,0.0,26.2,0.0,2.4,0.0,7.1,0.0,23.8,0.0,2.4,4.8,26.2,4.8,4.8,0.0
Algeria,3.5,7.1,1.2,7.1,11.8,23.5,20.0,24.7,2.4,3.5,2.4,14.1,7.1,1.2,0.0,0.0,1.2,2.4,1.2,8.2,0.0,63.5,0.0,32.9,70.6,0.0,4.7,0.0,2.4,5.9,2.4,0.0,1.2,1.2,27.1,1.2,4.7,3.5,41.2,2.4,0.0,2.4,4.7,1.2,44.7,1.2,3.5,3.5,34.1,1.2,1.2,0.0
Bolivia,2.4,0.0,2.4,2.4,21.4,14.3,31.0,14.3,0.0,0.0,2.4,11.9,0.0,0.0,0.0,0.0,0.0,0.0,0.0,2.4,2.4,52.4,0.0,26.2,71.4,0.0,14.3,0.0,2.4,4.8,2.4,0.0,0.0,2.4,26.2,0.0,7.1,2.4,45.2,0.0,0.0,2.4,0.0,2.4,38.1,2.4,0.0,9.5,38.1,7.1,7.1,0.0
Belize,20.0,0.0,0.0,20.0,80.0,20.0,60.0,40.0,20.0,0.0,20.0,40.0,0.0,20.0,0.0,20.0,0.0,0.0,0.0,40.0,0.0,60.0,20.0,60.0,60.0,20.0,20.0,20.0,40.0,20.0,0.0,20.0,20.0,0.0,60.0,20.0,40.0,20.0,60.0,20.0,20.0,20.0,20.0,0.0,40.0,20.0,0.0,20.0,60.0,0.0,0.0,20.0
Swaziland,0.0,0.0,0.0,0.0,27.3,18.2,0.0,0.0,0.0,0.0,0.0,18.2,0.0,9.1,9.1,0.0,9.1,0.0,0.0,27.3,0.0,54.5,0.0,27.3,72.7,0.0,9.1,0.0,0.0,0.0,9.1,0.0,0.0,0.0,18.2,0.0,9.1,0.0,45.5,0.0,0.0,0.0,9.1,0.0,18.2,0.0,0.0,0.0,54.5,0.0,0.0,0.0
Syria,0.0,0.0,0.0,0.0,13.5,16.2,37.8,24.3,0.0,0.0,0.0,16.2,8.1,2.7,0.0,0.0,0.0,0.0,2.7,2.7,0.0,64.9,0.0,27.0,70.3,0.0,8.1,0.0,2.7,8.1,2.7,0.0,0.0,2.7,27.0,2.7,21.6,5.4,29.7,2.7,0.0,5.4,0.0,0.0,45.9,0.0,2.7,0.0,27.0,2.7,10.8,0.0
Somalia,0.0,0.0,0.0,0.0,0.0,13.3,20.0,20.0,0.0,0.0,6.7,20.0,0.0,0.0,0.0,0.0,0.0,0.0,0.0,13.3,0.0,60.0,0.0,20.0,66.7,0.0,20.0,0.0,0.0,6.7,0.0,0.0,0.0,0.0,26.7,0.0,0.0,0.0,26.7,0.0,0.0,6.7,0.0,0.0,26.7,0.0,0.0,0.0,46.7,6.7,6.7,0.0
Jamaica,0.0,4.8,0.0,0.0,14.3,4.8,23.8,23.8,0.0,0.0,0.0,4.8,0.0,0.0,4.8,0.0,0.0,0.0,0.0,4.8,0.0,61.9,0.0,33.3,81.0,0.0,9.5,0.0,0.0,0.0,0.0,0.0,0.0,0.0,23.8,0.0,23.8,0.0,42.9,0.0,0.0,0.0,9.5,0.0,57.1,4.8,4.8,0.0,47.6,4.8,0.0,0.0
CÃ´te d'Ivoire,0.0,0.0,0.0,0.0,7.1,21.4,28.6,14.3,0.0,0.0,0.0,21.4,0.0,0.0,0.0,0.0,0.0,0.0,7.1,0.0,0.0,78.6,0.0,42.9,78.6,0.0,14.3,0.0,0.0,0.0,0.0,0.0,0.0,7.1,42.9,0.0,7.1,0.0,57.1,7.1,0.0,0.0,7.1,7.1,50.0,0.0,0.0,0.0,28.6,14.3,7.1,0.0
Costa Rica,0.0,0.0,3.5,4.7,30.2,18.6,32.6,14.0,0.0,2.3,0.0,8.1,2.3,3.5,1.2,1.2,0.0,1.2,2.3,10.5,5.8,58.1,2.3,27.9,75.6,1.2,7.0,2.3,5.8,1.2,1.2,1.2,0.0,2.3,23.3,4.7,15.1,1.2,43.0,4.7,0.0,8.1,8.1,1.2,65.1,0.0,2.3,4.7,53.5,2.3,7.0,1.2
Honduras,0.0,0.0,0.0,3.8,19.2,15.4,30.8,23.1,0.0,0.0,0.0,7.7,0.0,0.0,0.0,3.8,0.0,0.0,3.8,23.1,0.0,61.5,3.8,19.2,84.6,0.0,3.8,0.0,0.0,3.8,0.0,0.0,0.0,0.0,15.4,0.0,19.2,0.0,38.5,0.0,0.0,0.0,11.5,0.0,61.5,0.0,7.7,3.8,61.5,0.0,3.8,0.0
Yemen,0.0,5.0,5.0,10.0,15.0,10.0,40.0,25.0,0.0,0.0,5.0,30.0,0.0,0.0,0.0,0.0,0.0,0.0,0.0,5.0,0.0,40.0,0.0,40.0,55.0,0.0,10.0,0.0,0.0,10.0,10.0,0.0,0.0,0.0,35.0,0.0,5.0,0.0,40.0,5.0,0.0,0.0,0.0,0.0,40.0,0.0,5.0,0.0,20.0,5.0,15.0,0.0
Iraq,0.0,3.9,0.0,5.9,9.8,7.8,21.6,7.8,2.0,0.0,0.0,23.5,0.0,3.9,0.0,2.0,0.0,2.0,0.0,9.8,3.9,49.0,2.0,17.6,66.7,3.9,9.8,0.0,2.0,3.9,3.9,2.0,2.0,0.0,29.4,2.0,7.8,0.0,41.2,0.0,0.0,0.0,15.7,0.0,35.3,0.0,0.0,3.9,25.5,5.9,3.9,0.0
Palestine,4.2,4.2,4.2,8.3,12.5,16.7,29.2,16.7,4.2,4.2,4.2,4.2,12.5,4.2,4.2,4.2,4.2,4.2,4.2,8.3,4.2,58.3,4.2,45.8,70.8,4.2,4.2,4.2,8.3,8.3,0.0,4.2,4.2,4.2,20.8,8.3,16.7,4.2,41.7,8.3,4.2,8.3,4.2,8.3,45.8,4.2,4.2,4.2,37.5,8.3,4.2,4.2
Senegal,0.0,0.0,0.0,15.4,15.4,23.1,23.1,0.0,0.0,0.0,0.0,23.1,0.0,0.0,0.0,0.0,0.0,0.0,0.0,7.7,7.7,84.6,0.0,53.8,84.6,0.0,7.7,0.0,0.0,15.4,7.7,0.0,7.7,0.0,23.1,0.0,7.7,0.0,46.2,15.4,0.0,7.7,0.0,7.7,61.5,7.7,7.7,0.0,69.2,7.7,0.0,0.0
Laos,0.0,0.0,0.0,0.0,0.0,33.3,33.3,0.0,0.0,0.0,0.0,33.3,0.0,0.0,0.0,0.0,0.0,0.0,0.0,33.3,0.0,100.0,0.0,0.0,100.0,0.0,33.3,0.0,0.0,0.0,0.0,0.0,0.0,0.0,33.3,0.0,0.0,0.0,33.3,0.0,0.0,0.0,0.0,0.0,33.3,0.0,0.0,0.0,33.3,0.0,33.3,0.0
Rwanda,3.7,3.7,0.0,3.7,18.5,29.6,25.9,33.3,0.0,0.0,0.0,14.8,0.0,0.0,0.0,0.0,0.0,0.0,3.7,3.7,0.0,74.1,0.0,37.0,88.9,3.7,11.1,0.0,0.0,3.7,0.0,0.0,0.0,0.0,51.9,3.7,11.1,0.0,51.9,3.7,3.7,14.8,7.4,0.0,63.0,3.7,0.0,0.0,48.1,11.1,3.7,3.7
Malawi,0.0,0.0,0.0,0.0,9.5,4.8,19.0,23.8,0.0,0.0,0.0,19.0,0.0,0.0,4.8,0.0,0.0,0.0,0.0,14.3,0.0,57.1,0.0,33.3,85.7,4.8,33.3,0.0,0.0,9.5,4.8,0.0,0.0,0.0,47.6,0.0,9.5,0.0,47.6,9.5,0.0,0.0,4.8,0.0,57.1,0.0,0.0,0.0,28.6,4.8,4.8,0.0
Sierra Leone,0.0,0.0,0.0,0.0,0.0,0.0,12.5,25.0,0.0,0.0,12.5,37.5,0.0,0.0,0.0,0.0,0.0,12.5,12.5,0.0,0.0,50.0,0.0,25.0,50.0,0.0,0.0,0.0,0.0,12.5,12.5,0.0,0.0,0.0,25.0,12.5,0.0,0.0,50.0,12.5,0.0,0.0,0.0,0.0,50.0,0.0,0.0,12.5,12.5,25.0,25.0,0.0
Guinea,0.0,50.0,0.0,0.0,0.0,0.0,0.0,0.0,0.0,0.0,0.0,0.0,0.0,0.0,0.0,0.0,0.0,0.0,0.0,50.0,0.0,0.0,0.0,50.0,0.0,0.0,0.0,0.0,0.0,0.0,0.0,0.0,0.0,0.0,0.0,0.0,0.0,0.0,0.0,0.0,0.0,0.0,50.0,0.0,0.0,0.0,0.0,0.0,0.0,0.0,0.0,0.0
Fiji,0.0,0.0,0.0,12.5,12.5,50.0,37.5,37.5,0.0,12.5,12.5,0.0,0.0,0.0,0.0,0.0,0.0,0.0,0.0,0.0,0.0,62.5,0.0,0.0,75.0,0.0,0.0,0.0,25.0,0.0,12.5,0.0,0.0,0.0,25.0,0.0,12.5,0.0,50.0,0.0,0.0,0.0,37.5,0.0,50.0,0.0,0.0,0.0,37.5,12.5,12.5,0.0
North Korea,0.0,0.0,0.0,0.0,0.0,0.0,50.0,25.0,0.0,0.0,0.0,0.0,0.0,0.0,0.0,0.0,0.0,0.0,0.0,0.0,0.0,75.0,0.0,25.0,50.0,0.0,0.0,0.0,0.0,0.0,0.0,0.0,0.0,0.0,0.0,0.0,0.0,0.0,100.0,0.0,0.0,0.0,0.0,0.0,0.0,0.0,0.0,0.0,0.0,0.0,25.0,0.0
Maldives,0.0,0.0,0.0,0.0,25.0,8.3,41.7,0.0,0.0,0.0,0.0,25.0,0.0,0.0,0.0,0.0,0.0,0.0,0.0,16.7,0.0,75.0,0.0,16.7,91.7,0.0,8.3,0.0,0.0,0.0,0.0,0.0,0.0,0.0,50.0,0.0,33.3,0.0,41.7,0.0,0.0,0.0,25.0,0.0,66.7,0.0,0.0,0.0,58.3,0.0,0.0,0.0
Barbados,0.0,0.0,0.0,0.0,0.0,16.7,16.7,0.0,0.0,0.0,0.0,0.0,0.0,0.0,0.0,0.0,0.0,0.0,0.0,0.0,0.0,33.3,0.0,16.7,33.3,16.7,0.0,0.0,0.0,0.0,0.0,0.0,0.0,0.0,33.3,16.7,0.0,0.0,16.7,50.0,0.0,0.0,0.0,0.0,50.0,0.0,0.0,0.0,16.7,16.7,0.0,0.0
Kuwait,0.0,0.0,0.0,11.1,33.3,33.3,16.7,33.3,0.0,0.0,0.0,5.6,5.6,11.1,0.0,0.0,0.0,0.0,0.0,5.6,5.6,38.9,5.6,44.4,33.3,0.0,11.1,5.6,33.3,5.6,5.6,0.0,0.0,0.0,11.1,5.6,11.1,0.0,55.6,0.0,0.0,5.6,22.2,0.0,61.1,5.6,5.6,11.1,16.7,5.6,0.0,0.0
Brunei Darussalam,0.0,0.0,0.0,0.0,0.0,0.0,0.0,0.0,0.0,0.0,0.0,0.0,0.0,0.0,0.0,0.0,0.0,0.0,0.0,0.0,0.0,66.7,0.0,33.3,66.7,0.0,0.0,0.0,0.0,0.0,0.0,0.0,0.0,0.0,33.3,0.0,0.0,0.0,66.7,0.0,0.0,33.3,0.0,0.0,33.3,33.3,0.0,0.0,33.3,33.3,0.0,0.0
Palau,0.0,0.0,0.0,0.0,33.3,0.0,66.7,0.0,0.0,0.0,0.0,0.0,0.0,0.0,0.0,0.0,0.0,0.0,0.0,0.0,0.0,33.3,0.0,33.3,66.7,0.0,0.0,0.0,0.0,0.0,0.0,0.0,0.0,0.0,0.0,0.0,33.3,0.0,66.7,0.0,0.0,0.0,0.0,0.0,66.7,0.0,0.0,0.0,0.0,0.0,0.0,0.0
Angola,0.0,7.7,0.0,0.0,0.0,7.7,0.0,7.7,0.0,0.0,0.0,0.0,0.0,7.7,7.7,7.7,0.0,0.0,0.0,7.7,0.0,30.8,0.0,7.7,23.1,0.0,7.7,0.0,7.7,0.0,15.4,0.0,0.0,0.0,15.4,7.7,0.0,0.0,30.8,0.0,0.0,7.7,0.0,0.0,15.4,0.0,0.0,0.0,15.4,7.7,0.0,7.7
Turkmenistan,0.0,0.0,0.0,0.0,10.0,0.0,20.0,20.0,0.0,0.0,0.0,10.0,0.0,0.0,0.0,0.0,0.0,0.0,0.0,20.0,0.0,40.0,0.0,30.0,70.0,0.0,0.0,0.0,0.0,0.0,0.0,0.0,0.0,0.0,30.0,0.0,0.0,0.0,50.0,0.0,0.0,0.0,10.0,0.0,40.0,0.0,0.0,0.0,50.0,0.0,0.0,0.0
Libya,0.0,0.0,0.0,0.0,20.0,20.0,30.0,40.0,0.0,0.0,0.0,40.0,10.0,0.0,0.0,10.0,0.0,0.0,0.0,20.0,0.0,50.0,0.0,60.0,70.0,0.0,10.0,0.0,0.0,20.0,10.0,0.0,0.0,0.0,50.0,0.0,0.0,10.0,60.0,10.0,0.0,0.0,10.0,10.0,30.0,0.0,10.0,0.0,50.0,0.0,10.0,0.0
Madagascar,0.0,5.0,0.0,0.0,20.0,10.0,10.0,0.0,0.0,0.0,0.0,0.0,5.0,5.0,0.0,0.0,0.0,0.0,0.0,5.0,10.0,70.0,0.0,20.0,85.0,0.0,0.0,0.0,0.0,0.0,0.0,0.0,0.0,0.0,25.0,10.0,5.0,0.0,35.0,0.0,0.0,15.0,20.0,0.0,50.0,5.0,0.0,0.0,40.0,0.0,0.0,0.0
Lesotho,0.0,0.0,0.0,25.0,50.0,50.0,0.0,50.0,0.0,0.0,0.0,25.0,0.0,0.0,0.0,0.0,0.0,0.0,0.0,25.0,0.0,100.0,0.0,75.0,100.0,0.0,0.0,0.0,25.0,25.0,0.0,0.0,0.0,0.0,25.0,0.0,0.0,0.0,100.0,0.0,0.0,0.0,25.0,0.0,50.0,0.0,25.0,25.0,75.0,0.0,0.0,0.0
Cameroon,0.0,0.0,0.0,3.3,16.7,26.7,13.3,20.0,0.0,0.0,0.0,10.0,0.0,6.7,0.0,0.0,0.0,0.0,3.3,0.0,0.0,76.7,0.0,43.3,66.7,0.0,3.3,0.0,0.0,10.0,0.0,0.0,0.0,0.0,33.3,0.0,13.3,0.0,43.3,3.3,0.0,6.7,0.0,3.3,43.3,3.3,0.0,0.0,30.0,3.3,3.3,0.0
Mozambique,0.0,0.0,0.0,0.0,11.1,11.1,22.2,11.1,0.0,0.0,0.0,11.1,0.0,0.0,0.0,0.0,0.0,0.0,0.0,0.0,0.0,66.7,0.0,55.6,77.8,0.0,0.0,0.0,0.0,11.1,0.0,0.0,0.0,0.0,33.3,0.0,0.0,0.0,33.3,0.0,0.0,0.0,0.0,11.1,33.3,0.0,0.0,0.0,44.4,0.0,0.0,0.0
Gabon,0.0,0.0,0.0,0.0,0.0,0.0,0.0,0.0,0.0,0.0,0.0,50.0,0.0,0.0,0.0,0.0,0.0,0.0,0.0,0.0,0.0,0.0,0.0,50.0,100.0,0.0,50.0,0.0,0.0,0.0,0.0,0.0,0.0,0.0,0.0,0.0,0.0,0.0,0.0,0.0,0.0,0.0,0.0,0.0,0.0,0.0,0.0,0.0,50.0,0.0,0.0,0.0
Niger,0.0,0.0,0.0,25.0,25.0,50.0,50.0,25.0,0.0,0.0,0.0,25.0,0.0,0.0,0.0,0.0,0.0,0.0,0.0,0.0,0.0,50.0,0.0,50.0,75.0,0.0,25.0,0.0,25.0,0.0,0.0,0.0,0.0,0.0,25.0,0.0,0.0,0.0,0.0,0.0,0.0,0.0,0.0,0.0,25.0,0.0,0.0,0.0,50.0,25.0,25.0,0.0
Dem. Rep. Congo,0.0,0.0,0.0,0.0,20.0,20.0,0.0,20.0,0.0,0.0,0.0,60.0,0.0,0.0,0.0,0.0,0.0,0.0,0.0,0.0,0.0,60.0,0.0,0.0,60.0,0.0,20.0,0.0,0.0,0.0,0.0,0.0,0.0,0.0,40.0,0.0,0.0,0.0,80.0,0.0,0.0,0.0,0.0,0.0,40.0,0.0,0.0,0.0,20.0,0.0,0.0,0.0
Mali,0.0,16.7,0.0,0.0,0.0,33.3,0.0,16.7,0.0,0.0,0.0,50.0,0.0,0.0,0.0,0.0,0.0,0.0,0.0,16.7,0.0,16.7,0.0,16.7,50.0,0.0,0.0,0.0,0.0,0.0,0.0,0.0,0.0,0.0,0.0,0.0,0.0,0.0,83.3,0.0,0.0,0.0,16.7,0.0,33.3,0.0,0.0,0.0,0.0,0.0,0.0,0.0
Burkina Faso,0.0,0.0,0.0,0.0,0.0,25.0,0.0,25.0,0.0,0.0,0.0,0.0,25.0,0.0,0.0,0.0,0.0,0.0,0.0,25.0,0.0,50.0,0.0,25.0,100.0,0.0,0.0,0.0,0.0,0.0,0.0,0.0,0.0,0.0,75.0,0.0,0.0,0.0,50.0,0.0,0.0,0.0,0.0,0.0,50.0,0.0,0.0,0.0,25.0,0.0,0.0,0.0
Guinea-Bissau,0.0,0.0,0.0,0.0,100.0,0.0,0.0,0.0,0.0,0.0,0.0,0.0,0.0,0.0,0.0,0.0,0.0,0.0,0.0,0.0,100.0,100.0,0.0,100.0,0.0,0.0,0.0,0.0,0.0,0.0,0.0,0.0,0.0,0.0,0.0,0.0,0.0,0.0,0.0,0.0,0.0,0.0,0.0,0.0,100.0,0.0,0.0,0.0,0.0,0.0,0.0,0.0
Botswana,0.0,16.7,0.0,0.0,33.3,16.7,16.7,16.7,0.0,0.0,0.0,16.7,0.0,0.0,0.0,0.0,0.0,0.0,0.0,0.0,0.0,33.3,0.0,33.3,66.7,0.0,0.0,0.0,16.7,0.0,0.0,0.0,0.0,0.0,33.3,0.0,0.0,0.0,66.7,0.0,0.0,0.0,0.0,0.0,50.0,0.0,0.0,0.0,16.7,0.0,0.0,0.0
Liberia,0.0,0.0,0.0,0.0,0.0,33.3,33.3,0.0,0.0,0.0,0.0,0.0,0.0,0.0,0.0,0.0,0.0,0.0,0.0,0.0,0.0,100.0,0.0,0.0,100.0,0.0,0.0,0.0,0.0,0.0,0.0,0.0,0.0,0.0,0.0,0.0,0.0,0.0,66.7,0.0,0.0,0.0,0.0,0.0,33.3,0.0,0.0,0.0,0.0,0.0,0.0,0.0
Mauritania,0.0,20.0,0.0,20.0,20.0,60.0,0.0,40.0,0.0,0.0,0.0,20.0,0.0,0.0,0.0,0.0,0.0,0.0,0.0,20.0,0.0,40.0,0.0,20.0,80.0,0.0,0.0,0.0,20.0,0.0,0.0,0.0,0.0,0.0,40.0,0.0,20.0,0.0,60.0,0.0,0.0,0.0,0.0,20.0,40.0,0.0,0.0,0.0,80.0,0.0,0.0,0.0
Timor-Leste,0.0,0.0,0.0,0.0,0.0,0.0,0.0,0.0,0.0,0.0,0.0,0.0,0.0,0.0,0.0,0.0,0.0,50.0,0.0,0.0,0.0,50.0,0.0,0.0,50.0,0.0,0.0,0.0,0.0,0.0,0.0,0.0,0.0,0.0,0.0,0.0,0.0,0.0,50.0,0.0,0.0,0.0,0.0,0.0,0.0,0.0,0.0,0.0,0.0,0.0,0.0,0.0
Antigua and Barbuda,0.0,14.3,0.0,0.0,28.6,42.9,14.3,28.6,14.3,14.3,0.0,0.0,0.0,0.0,0.0,0.0,0.0,14.3,0.0,0.0,0.0,57.1,0.0,14.3,42.9,0.0,0.0,0.0,14.3,14.3,14.3,0.0,0.0,0.0,14.3,0.0,0.0,0.0,42.9,0.0,0.0,0.0,28.6,0.0,42.9,0.0,0.0,14.3,14.3,0.0,0.0,28.6
Grenada,0.0,0.0,0.0,0.0,100.0,0.0,0.0,0.0,0.0,0.0,0.0,0.0,0.0,0.0,0.0,0.0,0.0,0.0,0.0,0.0,0.0,100.0,0.0,100.0,0.0,0.0,0.0,0.0,0.0,0.0,0.0,0.0,0.0,0.0,0.0,0.0,0.0,0.0,100.0,0.0,0.0,0.0,0.0,0.0,100.0,0.0,0.0,0.0,0.0,0.0,0.0,0.0
Togo,0.0,0.0,0.0,33.3,0.0,66.7,50.0,66.7,0.0,0.0,0.0,66.7,33.3,0.0,0.0,0.0,0.0,0.0,0.0,0.0,0.0,66.7,0.0,50.0,66.7,0.0,16.7,0.0,0.0,0.0,0.0,0.0,0.0,0.0,66.7,0.0,0.0,0.0,66.7,0.0,0.0,0.0,0.0,0.0,83.3,0.0,0.0,0.0,50.0,33.3,33.3,0.0
Democratic People's Republic of Korea,0.0,0.0,0.0,0.0,50.0,0.0,0.0,0.0,0.0,0.0,0.0,0.0,0.0,0.0,0.0,0.0,0.0,0.0,0.0,0.0,0.0,50.0,0.0,0.0,100.0,0.0,0.0,0.0,0.0,0.0,0.0,0.0,0.0,0.0,0.0,0.0,0.0,0.0,0.0,0.0,0.0,50.0,0.0,0.0,50.0,0.0,0.0,0.0,0.0,0.0,0.0,0.0
Dominica,0.0,0.0,0.0,0.0,50.0,50.0,0.0,50.0,0.0,0.0,0.0,0.0,0.0,0.0,0.0,0.0,0.0,0.0,0.0,50.0,0.0,0.0,0.0,50.0,0.0,0.0,0.0,0.0,50.0,0.0,0.0,0.0,50.0,0.0,0.0,0.0,0.0,0.0,100.0,0.0,0.0,0.0,100.0,0.0,0.0,0.0,0.0,0.0,50.0,0.0,0.0,0.0
Guyana,0.0,0.0,0.0,0.0,66.7,33.3,33.3,0.0,0.0,0.0,0.0,33.3,0.0,0.0,0.0,0.0,0.0,0.0,0.0,0.0,0.0,100.0,0.0,0.0,66.7,0.0,0.0,0.0,0.0,0.0,0.0,0.0,0.0,0.0,66.7,0.0,0.0,0.0,66.7,33.3,0.0,0.0,33.3,0.0,66.7,0.0,0.0,0.0,33.3,0.0,0.0,0.0
Namibia,0.0,0.0,0.0,0.0,0.0,0.0,25.0,0.0,0.0,0.0,0.0,0.0,25.0,0.0,0.0,0.0,0.0,0.0,0.0,0.0,0.0,50.0,0.0,0.0,50.0,0.0,0.0,0.0,0.0,0.0,0.0,0.0,0.0,0.0,0.0,0.0,0.0,0.0,25.0,0.0,0.0,0.0,0.0,0.0,0.0,0.0,0.0,0.0,0.0,0.0,0.0,0.0
Haiti,0.0,0.0,0.0,0.0,0.0,25.0,0.0,0.0,0.0,0.0,0.0,0.0,0.0,0.0,0.0,0.0,0.0,0.0,0.0,0.0,0.0,50.0,0.0,75.0,100.0,0.0,0.0,0.0,0.0,0.0,0.0,0.0,0.0,0.0,25.0,0.0,25.0,0.0,50.0,25.0,0.0,0.0,25.0,0.0,50.0,0.0,0.0,0.0,50.0,0.0,0.0,0.0
Sudan,0.0,0.0,0.0,12.5,25.0,37.5,25.0,25.0,0.0,12.5,0.0,12.5,25.0,0.0,0.0,0.0,0.0,0.0,0.0,12.5,0.0,50.0,0.0,50.0,37.5,0.0,0.0,0.0,0.0,12.5,0.0,0.0,0.0,0.0,25.0,0.0,12.5,12.5,37.5,0.0,0.0,0.0,0.0,0.0,25.0,0.0,12.5,0.0,12.5,0.0,0.0,0.0
Saint Lucia,0.0,0.0,0.0,0.0,50.0,0.0,0.0,0.0,0.0,0.0,0.0,0.0,0.0,0.0,0.0,0.0,0.0,0.0,0.0,0.0,0.0,100.0,0.0,50.0,50.0,0.0,0.0,0.0,0.0,0.0,0.0,0.0,0.0,0.0,0.0,0.0,0.0,0.0,100.0,0.0,0.0,0.0,0.0,0.0,50.0,0.0,0.0,0.0,0.0,0.0,0.0,0.0
Monaco,0.0,0.0,0.0,0.0,50.0,50.0,0.0,0.0,0.0,0.0,0.0,0.0,0.0,0.0,0.0,0.0,0.0,0.0,0.0,0.0,0.0,50.0,0.0,50.0,50.0,0.0,0.0,0.0,0.0,0.0,0.0,0.0,0.0,0.0,50.0,0.0,50.0,0.0,0.0,0.0,0.0,50.0,0.0,0.0,50.0,0.0,0.0,0.0,0.0,0.0,0.0,0.0
Bahamas,0.0,100.0,0.0,0.0,0.0,0.0,0.0,0.0,0.0,0.0,0.0,0.0,0.0,0.0,0.0,0.0,0.0,0.0,0.0,50.0,0.0,0.0,0.0,0.0,0.0,0.0,0.0,0.0,0.0,0.0,0.0,0.0,0.0,0.0,0.0,0.0,0.0,0.0,0.0,0.0,0.0,0.0,0.0,0.0,0.0,0.0,0.0,0.0,0.0,0.0,0.0,0.0
Liechtenstein,0.0,0.0,0.0,0.0,100.0,100.0,100.0,100.0,0.0,0.0,0.0,0.0,100.0,0.0,0.0,0.0,0.0,0.0,0.0,0.0,0.0,100.0,0.0,100.0,100.0,0.0,0.0,0.0,0.0,100.0,0.0,0.0,0.0,0.0,100.0,0.0,0.0,0.0,100.0,0.0,0.0,0.0,0.0,0.0,100.0,0.0,0.0,0.0,0.0,0.0,0.0,0.0
Burundi,0.0,0.0,0.0,0.0,0.0,0.0,50.0,0.0,0.0,0.0,0.0,0.0,0.0,0.0,0.0,0.0,0.0,0.0,0.0,0.0,0.0,100.0,0.0,0.0,100.0,0.0,0.0,0.0,0.0,0.0,0.0,0.0,0.0,0.0,50.0,0.0,0.0,0.0,50.0,0.0,0.0,0.0,0.0,0.0,0.0,0.0,0.0,0.0,50.0,0.0,0.0,0.0
Saint Kitts and Nevis,0.0,0.0,0.0,0.0,100.0,0.0,0.0,0.0,0.0,0.0,0.0,0.0,0.0,0.0,0.0,0.0,0.0,0.0,0.0,0.0,0.0,100.0,0.0,0.0,100.0,0.0,0.0,0.0,0.0,0.0,0.0,0.0,0.0,0.0,100.0,0.0,100.0,0.0,0.0,0.0,0.0,0.0,0.0,0.0,100.0,0.0,0.0,0.0,0.0,0.0,0.0,0.0
Marshall Islands,0.0,0.0,0.0,0.0,0.0,0.0,0.0,0.0,0.0,100.0,0.0,0.0,0.0,0.0,0.0,0.0,0.0,0.0,0.0,0.0,0.0,0.0,0.0,0.0,0.0,0.0,0.0,0.0,0.0,100.0,0.0,0.0,0.0,0.0,0.0,0.0,0.0,0.0,0.0,0.0,0.0,0.0,0.0,0.0,100.0,0.0,0.0,0.0,0.0,0.0,0.0,0.0
Samoa,0.0,0.0,0.0,0.0,0.0,0.0,0.0,0.0,0.0,0.0,0.0,0.0,0.0,0.0,0.0,0.0,0.0,0.0,0.0,0.0,0.0,100.0,0.0,100.0,0.0,0.0,0.0,0.0,0.0,0.0,0.0,0.0,0.0,0.0,100.0,0.0,0.0,0.0,100.0,0.0,0.0,0.0,0.0,100.0,100.0,0.0,0.0,0.0,0.0,0.0,0.0,0.0
Suriname,0.0,0.0,0.0,0.0,0.0,0.0,0.0,25.0,0.0,0.0,0.0,0.0,0.0,0.0,0.0,0.0,0.0,0.0,0.0,0.0,0.0,75.0,0.0,0.0,75.0,0.0,0.0,0.0,0.0,0.0,0.0,0.0,0.0,0.0,25.0,0.0,0.0,0.0,0.0,0.0,0.0,25.0,0.0,0.0,50.0,0.0,0.0,0.0,25.0,0.0,0.0,0.0
Central African Republic,0.0,100.0,0.0,0.0,0.0,0.0,100.0,0.0,0.0,0.0,0.0,0.0,0.0,0.0,0.0,0.0,0.0,0.0,0.0,0.0,0.0,0.0,0.0,0.0,0.0,0.0,0.0,0.0,0.0,0.0,0.0,0.0,0.0,0.0,0.0,0.0,0.0,0.0,0.0,0.0,0.0,0.0,0.0,0.0,0.0,0.0,0.0,0.0,0.0,0.0,0.0,100.0
Cape Verde,0.0,0.0,0.0,0.0,50.0,50.0,0.0,50.0,0.0,0.0,0.0,0.0,0.0,0.0,0.0,0.0,0.0,0.0,50.0,50.0,0.0,100.0,0.0,0.0,100.0,0.0,0.0,0.0,0.0,0.0,0.0,0.0,0.0,0.0,0.0,0.0,0.0,0.0,50.0,0.0,0.0,0.0,50.0,0.0,100.0,0.0,0.0,0.0,100.0,0.0,0.0,50.0
San Marino,0.0,0.0,0.0,100.0,0.0,100.0,100.0,100.0,0.0,0.0,0.0,0.0,100.0,0.0,0.0,0.0,0.0,0.0,0.0,0.0,0.0,0.0,0.0,0.0,100.0,0.0,0.0,0.0,0.0,0.0,0.0,0.0,0.0,0.0,0.0,0.0,0.0,0.0,100.0,0.0,0.0,0.0,0.0,0.0,100.0,0.0,0.0,0.0,0.0,100.0,0.0,0.0
